run_id,freeze,Q,L,contr,vicreg,n_epochs,peak_gap,peak_ep,warm_gap,warm_ep,final_gap,min_after_peak,final_gene_loss,verdict,done
fzF_encU2_vic0_contr0.3_q256_predL5,false,256,3,0.3,0/0,10,0.20414207875728607,0,0.04477432742714882,9,0.04477432742714882,-0.01441553421318531,0.04946631193161011,FAIL,True
fzF_encU2_vic1_contr0.3_q256_predL6,false,256,3,0.3,1.0/0.04,10,0.17187751829624176,0,0.0420353077352047,9,0.0420353077352047,-0.00922256987541914,0.07105165719985962,FAIL,True
fzF_encU2_vic1_contr0_q256_predL4,false,256,3,0,1.0/0.04,10,0.19336412847042084,0,0.032667867839336395,9,0.032667867839336395,-0.01022376585751772,0.04099031537771225,FAIL,True
fzF_encU2_vic0_contr0_q256_predL4,false,256,3,0,0/0,10,0.19314561784267426,0,0.03099287673830986,9,0.03099287673830986,-0.010929678566753864,0.039888884872198105,FAIL,True
fzF_encU2_vic0_contr0.3_q256_predL6,false,256,3,0.3,0/0,10,0.1712629348039627,0,0.030993064865469933,7,0.030834808945655823,-0.009397665970027447,0.07148044556379318,FAIL,True
fzF_encU2_vic1_contr0_q256_predL6,false,256,3,0,1.0/0.04,10,0.16263870894908905,0,0.02998301573097706,9,0.02998301573097706,-0.004447839222848415,0.049191392958164215,FAIL,True
fzF_encU2_vic0_contr0_q256_predL6,false,256,3,0,0/0,10,0.16241541504859924,0,0.02947574481368065,9,0.02947574481368065,-0.005216819699853659,0.047449421137571335,FAIL,True
fzF_encU2_vic1_contr0_q256_predL5,false,256,3,0,1.0/0.04,10,0.17349720001220703,0,0.02845548279583454,9,0.02845548279583454,-0.006533432751893997,0.047317780554294586,FAIL,True
fzF_encU2_vic0_contr0.3_q64_predL6,false,64,3,0.3,0/0,10,0.19322623312473297,0,0.028249630704522133,9,0.028249630704522133,0.008576505817472935,0.052572064101696014,FAIL,True
fzF_encU2_vic0_contr0.3_q128_predL6,false,128,3,0.3,0/0,10,0.1911192387342453,0,0.028081342577934265,9,0.028081342577934265,0.00902670156210661,0.05454070493578911,FAIL,True
fzF_encU2_vic0_contr0_q256_predL5,false,256,3,0,0/0,10,0.1732955276966095,0,0.02796342968940735,9,0.02796342968940735,-0.007250251714140177,0.04565360024571419,FAIL,True
fzF_encU2_vic1_contr0.3_q128_predL6,false,128,3,0.3,1.0/0.04,10,0.19137145578861237,0,0.02774829789996147,9,0.02774829789996147,0.009289723820984364,0.05656306818127632,FAIL,True
fzF_encU2_vic1_contr0.3_q64_predL6,false,64,3,0.3,1.0/0.04,10,0.19349344074726105,0,0.027213161811232567,9,0.027213161811232567,0.008651919662952423,0.054980967193841934,FAIL,True
fzF_encU2_vic1_contr0_q256_predL3,false,256,3,0,1.0/0.04,10,0.31465020775794983,1,0.025991082191467285,9,0.025991082191467285,-0.02426019310951233,0.02753402665257454,FAIL,True
fzF_encU2_vic0_contr0_q256_predL3,false,256,3,0,0/0,10,0.3087678849697113,1,0.024589279666543007,9,0.024589279666543007,-0.024785026907920837,0.027512207627296448,FAIL,True
fzF_encU2_vic1_contr0.3_q256_predL5,false,256,3,0.3,1.0/0.04,10,0.20509807765483856,0,0.018505843356251717,9,0.018505843356251717,-0.01958547532558441,0.038456860929727554,FAIL,True
fzF_encU2_vic1_contr0.3_q128_predL5,false,128,3,0.3,1.0/0.04,10,0.2618866264820099,1,0.017330849543213844,9,0.017330849543213844,-0.0005570126813836396,0.0370524637401104,FAIL,True
fzF_encU2_vic0_contr0.3_q64_predL5,false,64,3,0.3,0/0,10,0.2600696384906769,1,0.014485270716249943,6,0.011796618811786175,-0.0009242835221812129,0.04013508930802345,FAIL,True
fzF_encU2_vic1_contr0_q128_predL6,false,128,3,0,1.0/0.04,10,0.18569396436214447,0,0.01170134823769331,9,0.01170134823769331,-0.0046371170319616795,0.0216206144541502,FAIL,True
fzF_encU2_vic0_contr0_q128_predL6,false,128,3,0,0/0,10,0.18558354675769806,0,0.011632130481302738,9,0.011632130481302738,-0.004702836275100708,0.021518263965845108,FAIL,True
fzF_encU2_vic1_contr0_q64_predL6,false,64,3,0,1.0/0.04,10,0.18753202259540558,0,0.011582134291529655,9,0.011582134291529655,-0.004100807476788759,0.021616773679852486,FAIL,True
fzF_encU2_vic0_contr0_q64_predL6,false,64,3,0,0/0,10,0.18743553757667542,0,0.011510677635669708,9,0.011510677635669708,-0.004170569591224194,0.021510811522603035,FAIL,True
fzF_encU2_vic1_contr0.3_q64_predL5,false,64,3,0.3,1.0/0.04,10,0.21988724172115326,0,0.012572668492794037,5,0.010994883254170418,8.23238879092969e-05,0.0434725321829319,FAIL,True
fzF_encU2_vic1_contr0_q128_predL5,false,128,3,0,1.0/0.04,10,0.1956675797700882,0,0.010081603191792965,9,0.010081603191792965,-0.00620379438623786,0.019469792023301125,FAIL,True
fzF_encU2_vic0_contr0_q128_predL5,false,128,3,0,0/0,10,0.19556303322315216,0,0.010022321715950966,9,0.010022321715950966,-0.0062590898014605045,0.01938178762793541,FAIL,True
fzF_encU2_vic1_contr0_q64_predL5,false,64,3,0,1.0/0.04,10,0.19780835509300232,0,0.009985785000026226,9,0.009985785000026226,-0.005662963259965181,0.019440503790974617,FAIL,True
fzF_encU2_vic0_contr0_q64_predL5,false,64,3,0,0/0,10,0.19770823419094086,0,0.009923825040459633,9,0.009923825040459633,-0.005720855202525854,0.01934625394642353,FAIL,True
fzF_encU2_vic1_contr0_q128_predL4,false,128,3,0,1.0/0.04,10,0.21394915878772736,0,0.007987146265804768,9,0.007987146265804768,-0.008351167663931847,0.016762344166636467,FAIL,True
fzF_encU2_vic0_contr0_q128_predL4,false,128,3,0,0/0,10,0.2138167768716812,0,0.007936454378068447,9,0.007936454378068447,-0.008397984318435192,0.016688376665115356,FAIL,True
fzF_encU2_vic1_contr0_q64_predL4,false,64,3,0,1.0/0.04,10,0.21555568277835846,0,0.007906791754066944,9,0.007906791754066944,-0.007783842273056507,0.01664278283715248,FAIL,True
fzF_encU2_vic0_contr0_q64_predL4,false,64,3,0,0/0,10,0.21545158326625824,0,0.00785329844802618,9,0.00785329844802618,-0.007834562100470066,0.0165646281093359,FAIL,True
fzF_encU2_vic0_contr0.3_q128_predL5,false,128,3,0.3,0/0,10,0.23485203087329865,1,0.013154753483831882,8,0.0076373121701180935,-0.0018856184324249625,0.045761872082948685,FAIL,True
fzF_encU2_vic1_contr0_q128_predL3,false,128,3,0,1.0/0.04,10,0.26065441966056824,1,0.00504655484110117,9,0.00504655484110117,-0.012888507917523384,0.013719734735786915,FAIL,True
fzF_encU2_vic1_contr0_q64_predL3,false,64,3,0,1.0/0.04,10,0.25159597396850586,0,0.00503744138404727,9,0.00503744138404727,-0.012049232609570026,0.013423576019704342,FAIL,True
fzF_encU2_vic0_contr0_q128_predL3,false,128,3,0,0/0,10,0.2579287588596344,1,0.005021984223276377,9,0.005021984223276377,-0.012871375307440758,0.013662547804415226,FAIL,True
fzF_encU2_vic0_contr0_q64_predL3,false,64,3,0,0/0,10,0.251268595457077,0,0.005014456808567047,9,0.005014456808567047,-0.01203750167042017,0.013373144902288914,FAIL,True
fzF_encU2_vic1_contr0_q256_predL2,false,256,3,0,1.0/0.04,10,0.4873516261577606,1,0.004617783706635237,9,0.004617783706635237,-0.04483538493514061,0.01777624525129795,FAIL,True
fzF_encU2_vic0_contr0_q256_predL2,false,256,3,0,0/0,10,0.5268471240997314,1,0.004558499436825514,9,0.004558499436825514,-0.044167038053274155,0.018171707168221474,FAIL,True
fzF_encU2_vic0_contr0.3_q64_predL4,false,64,3,0.3,0/0,10,0.3961842358112335,0,0.0021815472282469273,9,0.0021815472282469273,-0.008398734964430332,0.021379832178354263,FAIL,True
fzF_encU2_vic0_contr0_q128_predL2,false,128,3,0,0/0,10,0.5152204632759094,1,0.001777159282937646,9,0.001777159282937646,-0.01989584229886532,0.008323127403855324,FAIL,True
fzF_encU2_vic0_contr0.3_q128_predL4,false,128,3,0.3,0/0,10,0.4020134508609772,0,0.0016897066961973906,9,0.0016897066961973906,-0.005982378032058477,0.02380930446088314,FAIL,True
fzF_encU2_vic1_contr0_q128_predL2,false,128,3,0,1.0/0.04,10,0.5572115182876587,1,0.0016410436946898699,9,0.0016410436946898699,-0.02081926539540291,0.008459067903459072,FAIL,True
fzF_encU2_vic1_contr0.3_q64_predL4,false,64,3,0.3,1.0/0.04,10,0.3991328179836273,0,0.0016145381378009915,9,0.0016145381378009915,-0.005437131971120834,0.021855417639017105,FAIL,True
fzF_encU2_vic1_contr0_q64_predL2,false,64,3,0,1.0/0.04,10,0.5160775780677795,1,0.0016013398999348283,9,0.0016013398999348283,-0.019059715792536736,0.007669810205698013,FAIL,True
fzF_encU2_vic0_contr0_q64_predL2,false,64,3,0,0/0,10,0.5116886496543884,1,0.001372824190184474,9,0.001372824190184474,-0.01903679594397545,0.00772702693939209,FAIL,True
fzF_encU2_vic0_contr0.3_q64_predL3,false,64,3,0.3,0/0,10,0.5484600067138672,0,0.0013694394147023559,9,0.0013694394147023559,-0.011560684069991112,0.017816605046391487,FAIL,True
fzF_encU2_vic1_contr0.3_q128_predL3,false,128,3,0.3,1.0/0.04,10,0.546787440776825,0,0.0013111120788380504,9,0.0013111120788380504,-0.013465347699820995,0.018721221014857292,FAIL,True
fzF_encU2_vic0_contr0.3_q256_predL4,false,256,3,0.3,0/0,10,0.4183601438999176,0,0.0015738861402496696,8,0.001153744524344802,-0.04279593005776405,0.030809098854660988,FAIL,True
fzF_encU2_vic0_contr0.3_q64_predL2,false,64,3,0.3,0/0,10,0.6430889964103699,0,0.0010897248284891248,9,0.0010897248284891248,-0.017807217314839363,0.013905148021876812,FAIL,True
fzF_encU2_vic0_contr0.3_q128_predL2,false,128,3,0.3,0/0,10,0.6350702047348022,0,0.0012211146531626582,8,0.001005977508611977,-0.026559630408883095,0.01502075046300888,FAIL,True
fzF_encU2_vic0_contr0.3_q128_predL3,false,128,3,0.3,0/0,10,0.5142089128494263,0,0.001301962765865028,8,0.0009970891987904906,-0.014842668548226357,0.017594648525118828,FAIL,True
fzF_encU2_vic0_contr0.3_q256_predL2,false,256,3,0.3,0/0,10,0.6111282110214233,0,0.0007816581637598574,9,0.0007816581637598574,-0.018368635326623917,0.019089166074991226,FAIL,True
fzF_encU2_vic1_contr0.3_q256_predL4,false,256,3,0.3,1.0/0.04,10,0.41986075043678284,0,0.0017071778420358896,8,0.0007364310440607369,-0.020450029522180557,0.0352017842233181,FAIL,True
fzF_encU2_vic1_contr0.3_q64_predL2,false,64,3,0.3,1.0/0.04,10,0.6319466233253479,0,0.0006126606022007763,9,0.0006126606022007763,-0.020417217165231705,0.013858151622116566,FAIL,True
fzF_encU2_vic1_contr0.3_q128_predL2,false,128,3,0.3,1.0/0.04,10,0.6359454393386841,0,0.0007883892976678908,8,0.0004936783225275576,-0.02067442052066326,0.016237955540418625,FAIL,True
fzF_encU2_vic1_contr0.3_q256_predL2,false,256,3,0.3,1.0/0.04,10,0.6038654446601868,0,0.0004562707617878914,9,0.0004562707617878914,-0.018644731491804123,0.020133787766098976,FAIL,True
fzF_encU2_vic1_contr0.3_q64_predL3,false,64,3,0.3,1.0/0.04,10,0.5287470817565918,0,0.00040739349788054824,9,0.00040739349788054824,-0.007176353130489588,0.017209531739354134,FAIL,True
fzF_encU2_vic0_contr0.3_q256_predL3,false,256,3,0.3,0/0,10,0.510192334651947,0,0.0003693813632708043,9,0.0003693813632708043,-0.017859872430562973,0.02237805165350437,FAIL,True
fzF_encU2_vic1_contr0.3_q128_predL4,false,128,3,0.3,1.0/0.04,10,0.4050978720188141,0,0.0009145353687927127,8,8.671482646605e-05,-0.0047147213481366634,0.02379157766699791,FAIL,True
fzF_encU2_vic0_contr0_q64_predL1,false,64,3,0,0/0,10,0.5650664567947388,1,-0.0005530189955607057,9,-0.0005530189955607057,-0.0211449284106493,0.0063346014358103275,FAIL,True
fzF_encU2_vic1_contr0_q64_predL1,false,64,3,0,1.0/0.04,10,0.5409368872642517,1,-0.0006488704239018261,9,-0.0006488704239018261,-0.02117716148495674,0.006126303691416979,FAIL,True
fzF_encU2_vic0_contr0_q128_predL1,false,128,3,0,0/0,10,0.5570635795593262,1,-0.0006592883728444576,9,-0.0006592883728444576,-0.022262413054704666,0.006663200445473194,FAIL,True
fzF_encU2_vic1_contr0_q128_predL1,false,128,3,0,1.0/0.04,10,0.5584157705307007,1,-0.0008076982921920717,9,-0.0008076982921920717,-0.02225801907479763,0.006695951800793409,FAIL,True
fzF_encU2_vic1_contr0.3_q256_predL3,false,256,3,0.3,1.0/0.04,10,0.5045073628425598,0,-0.0009352921624667943,9,-0.0009352921624667943,-0.011954115703701973,0.024451201781630516,FAIL,True
fzF_encU2_vic0_contr0.3_q128_predL1,false,128,3,0.3,0/0,10,0.7233184576034546,0,-0.0014788536354899406,9,-0.0014788536354899406,-0.022722529247403145,0.008068954572081566,FAIL,True
fzF_encU2_vic0_contr0.3_q64_predL1,false,64,3,0.3,0/0,10,0.7263655066490173,0,-0.0015143228229135275,9,-0.0015143228229135275,-0.020681023597717285,0.00758924288675189,FAIL,True
fzF_encU2_vic1_contr0.3_q128_predL1,false,128,3,0.3,1.0/0.04,10,0.7176516652107239,0,-0.0016430063406005502,9,-0.0016430063406005502,-0.025038165971636772,0.008127613924443722,FAIL,True
fzF_encU2_vic1_contr0.3_q64_predL1,false,64,3,0.3,1.0/0.04,10,0.725980818271637,0,-0.0017584421439096332,9,-0.0017584421439096332,-0.020559389144182205,0.0077301752753555775,FAIL,True
fzF_encU2_vic0_contr0.3_q256_predL1,false,256,3,0.3,0/0,10,0.6748756170272827,0,-0.0023437142372131348,9,-0.0023437142372131348,-0.052839551120996475,0.013246831484138966,FAIL,True
fzF_encU2_vic1_contr0.3_q256_predL1,false,256,3,0.3,1.0/0.04,10,0.6753049492835999,0,-0.002583334920927882,9,-0.002583334920927882,-0.056097663938999176,0.013554373756051064,FAIL,True
fzF_encU2_vic0_contr0_q256_predL1,false,256,3,0,0/0,10,0.5297214388847351,1,-0.002724271733313799,9,-0.002724271733313799,-0.050139039754867554,0.011386905796825886,FAIL,True
fzF_encU2_vic1_contr0_q256_predL1,false,256,3,0,1.0/0.04,10,0.5275720357894897,1,-0.0028496922459453344,9,-0.0028496922459453344,-0.05005119368433952,0.011646697297692299,FAIL,True
